{
  "price_monitor": {
    "enabled": true,
    "change_threshold": 5.0,
    "symbols": [
      "BTC_USDT",
      "ETH_USDT",
      "GT_USDT"
    ],
    "top_symbols_count": 20
  },
  "announcement_monitor": {
    "enabled": true,
    "keywords": [
      "上线",
      "上架",
      "首发",
      "新增",
      "开放",
      "交易",
      "上市"
    ],
    "max_announcements": 20
  },
  "coin_info": {
    "enabled": true,
    "cache_expiry": 86400,
    "fetch_details_for_new_coins": true
  },
  "telegram_push": {
    "enabled": true,
    "config_file": "telegram_config.json"
  },
  "api_client": {
    "max_retries": 3,
    "retry_delay": 2,
    "request_timeout": 10,
    "rate_limit": {
      "requests_per_second": 5,
      "burst": 10
    }
  },
  "run_interval": 3600
}