{
  "BTC": {
    "symbol": "BTC",
    "name": "Bitcoin",
    "price": 105768.2,
    "change_24h": -0.0,
    "volume_24h": 691184203.63486,
    "high_24h": 105934.8,
    "low_24h": 103666.2,
    "description": "",
    "website": "",
    "twitter": "",
    "telegram": "",
    "discord": "",
    "github": "",
    "medium": "",
    "team_info": "",
    "issue_info": {},
    "contract_info": {
      "BTC": {}
    },
    "market_cap": 0,
    "circulating_supply": 0,
    "total_supply": 0,
    "max_supply": 0,
    "historical_analysis": {},
    "chain_data": {
      "note": "暂无链上数据"
    },
    "cache_time": 1748906086,
    "features": [
      0,
      20.353916923102236,
      -0.0,
      0,
      0.5
    ],
    "similar_coins": []
  },
  "ETH": {
    "symbol": "ETH",
    "name": "Ethereum",
    "price": 2593.66,
    "change_24h": 1.99,
    "volume_24h": 387945561.66934,
    "high_24h": 2605.31,
    "low_24h": 2475.0,
    "description": "",
    "website": "",
    "twitter": "",
    "telegram": "",
    "discord": "",
    "github": "",
    "medium": "",
    "team_info": "",
    "issue_info": {},
    "contract_info": {
      "ETH": {}
    },
    "market_cap": 0,
    "circulating_supply": 0,
    "total_supply": 0,
    "max_supply": 0,
    "historical_analysis": {},
    "chain_data": {
      "note": "暂无链上数据"
    },
    "cache_time": 1748906094,
    "features": [
      0,
      19.776375585345637,
      0.0199,
      0,
      0.5
    ],
    "similar_coins": [
      {
        "symbol": "BTC",
        "similarity": 0.9999992370448775,
        "price": 105768.2,
        "market_cap": 0,
        "volume_24h": 691184203.63486,
        "change_24h": -0.0
      }
    ]
  },
  "GT": {
    "symbol": "GT",
    "name": "GateToken",
    "price": 19.221,
    "change_24h": -0.22,
    "volume_24h": 3794881.1551948,
    "high_24h": 19.348,
    "low_24h": 19.157,
    "description": "",
    "website": "",
    "twitter": "",
    "telegram": "",
    "discord": "",
    "github": "",
    "medium": "",
    "team_info": "",
    "issue_info": {},
    "contract_info": {
      "GT": {}
    },
    "market_cap": 0,
    "circulating_supply": 0,
    "total_supply": 0,
    "max_supply": 0,
    "historical_analysis": {},
    "chain_data": {
      "note": "暂无链上数据"
    },
    "cache_time": 1748906102,
    "features": [
      0,
      15.149163915680132,
      -0.0022,
      0,
      0.5
    ],
    "similar_coins": [
      {
        "symbol": "ETH",
        "similarity": 0.9999695705958569,
        "price": 2593.66,
        "market_cap": 0,
        "volume_24h": 387945561.66934,
        "change_24h": 1.99
      },
      {
        "symbol": "BTC",
        "similarity": 0.99996443371858,
        "price": 105768.2,
        "market_cap": 0,
        "volume_24h": 691184203.63486,
        "change_24h": -0.0
      }
    ]
  },
  "DOGE": {
    "symbol": "DOGE",
    "name": "DogeCoin",
    "price": 0.19483,
    "change_24h": 0.12,
    "volume_24h": 23439523.310342,
    "high_24h": 0.19638,
    "low_24h": 0.18855,
    "description": "",
    "website": "",
    "twitter": "",
    "telegram": "",
    "discord": "",
    "github": "",
    "medium": "",
    "team_info": "",
    "issue_info": {},
    "contract_info": {
      "DOGE": {}
    },
    "market_cap": 0,
    "circulating_supply": 0,
    "total_supply": 0,
    "max_supply": 0,
    "historical_analysis": {},
    "chain_data": {
      "note": "暂无链上数据"
    },
    "cache_time": 1748906111,
    "features": [
      0,
      16.969934228539774,
      0.0012,
      0,
      0.5
    ],
    "similar_coins": [
      {
        "symbol": "GT",
        "similarity": 0.999993718726904,
        "price": 19.221,
        "market_cap": 0,
        "volume_24h": 3794881.1551948,
        "change_24h": -0.22
      },
      {
        "symbol": "ETH",
        "similarity": 0.9999908346408096,
        "price": 2593.66,
        "market_cap": 0,
        "volume_24h": 387945561.66934,
        "change_24h": 1.99
      },
      {
        "symbol": "BTC",
        "similarity": 0.9999880170359203,
        "price": 105768.2,
        "market_cap": 0,
        "volume_24h": 691184203.63486,
        "change_24h": -0.0
      }
    ]
  },
  "SHIB": {
    "symbol": "SHIB",
    "name": "Shiba Inu",
    "price": 1.319e-05,
    "change_24h": 1.38,
    "volume_24h": 4185527.9038688,
    "high_24h": 1.323e-05,
    "low_24h": 1.265e-05,
    "description": "",
    "website": "",
    "twitter": "",
    "telegram": "",
    "discord": "",
    "github": "",
    "medium": "",
    "team_info": "",
    "issue_info": {},
    "contract_info": {
      "ETH": {}
    },
    "market_cap": 0,
    "circulating_supply": 0,
    "total_supply": 0,
    "max_supply": 0,
    "historical_analysis": {},
    "chain_data": {
      "note": "暂无链上数据"
    },
    "cache_time": 1748906118,
    "features": [
      0,
      15.247143634773085,
      0.0138,
      0,
      0.5
    ],
    "similar_coins": [
      {
        "symbol": "GT",
        "similarity": 0.9999994265748624,
        "price": 19.221,
        "market_cap": 0,
        "volume_24h": 3794881.1551948,
        "change_24h": -0.22
      },
      {
        "symbol": "DOGE",
        "similarity": 0.9999941213993055,
        "price": 0.19483,
        "market_cap": 0,
        "volume_24h": 23439523.310342,
        "change_24h": 0.12
      },
      {
        "symbol": "ETH",
        "similarity": 0.9999718402140446,
        "price": 2593.66,
        "market_cap": 0,
        "volume_24h": 387945561.66934,
        "change_24h": 1.99
      },
      {
        "symbol": "BTC",
        "similarity": 0.9999657992628234,
        "price": 105768.2,
        "market_cap": 0,
        "volume_24h": 691184203.63486,
        "change_24h": -0.0
      }
    ]
  }
}