{
  "accounts": [
    {
      "bot_token": "YOUR_BOT_TOKEN_1_HERE",
      "chat_id": "YOUR_CHAT_ID_1_HERE",
      "message_thread_id": null,
      "enabled": true,
      "last_used": 0,
      "error_count": 0
    },
    {
      "bot_token": "YOUR_BOT_TOKEN_2_HERE",
      "chat_id": "YOUR_CHAT_ID_2_HERE",
      "message_thread_id": null,
      "enabled": true,
      "last_used": 0,
      "error_count": 0
    }
  ],
  "proxy": null,
  "rotation_strategy": "round_robin",
  "max_errors": 3,
  "error_reset_time": 86400,
  "note": "请替换上面的占位符为实际的Bot Token和Chat ID"
}